{"PIPE":{"description":" ","clones":1,"working":"{\"layout\":[{\"id\":\"sw-55\",\"xy\":[252,85]},{\"id\":\"_OUTPUT\",\"xy\":[308,567]},{\"id\":\"sw-137\",\"xy\":[642,234]}],\"modules\":[{\"type\":\"fetch\",\"id\":\"sw-55\",\"conf\":{\"URL\":{\"value\":\"http:\/\/www.feedbooks.com\/books\/top.atom?category=FBFIC024000&lang=en\",\"type\":\"url\"}}},{\"type\":\"output\",\"id\":\"_OUTPUT\",\"conf\":{}},{\"type\":\"rename\",\"id\":\"sw-137\",\"conf\":{\"RULE\":[{\"field\":{\"value\":\"\",\"type\":\"text\"},\"op\":{\"type\":\"text\",\"value\":\"rename\"},\"newval\":{\"value\":\"\",\"type\":\"text\"}}]}}],\"terminaldata\":[],\"wires\":[{\"id\":\"_w0\",\"src\":{\"id\":\"_OUTPUT\",\"moduleid\":\"sw-55\"},\"tgt\":{\"id\":\"_INPUT\",\"moduleid\":\"sw-137\"}},{\"id\":\"_w1\",\"src\":{\"id\":\"_OUTPUT\",\"moduleid\":\"sw-137\"},\"tgt\":{\"id\":\"_INPUT\",\"moduleid\":\"_OUTPUT\"}}]}","guid":"U6NQLJFDD3DHBIHDXRQDM4SQS4","published":null,"createtime":"2015-06-28 12:17:21","runs":null,"domain":["feedbooks.com","www.feedbooks.com","ycombinator.com","news.ycombinator.com","ihackernews.com","api.ihackernews.com","feedburner.com","feeds.feedburner.com","digg.com"],"status":"A","favorited":null,"engineversion":2,"module":["rename","fetch"],"id":"2f1e3250960f8b731e162abf4b1fc8b3","modifiedtime":"2015-06-28 12:17:24","name":"BOOKS - Occult","abuse":null,"pubtime":"1970-01-01 12:00:00","modified":1,"modifiedtime_ts":1435450644,"is_favorite":0,"is_owner":0,"tags":{"module":["rename","fetch"],"domain":["feedbooks.com","www.feedbooks.com","ycombinator.com","news.ycombinator.com","ihackernews.com","api.ihackernews.com","feedburner.com","feeds.feedburner.com","digg.com"]},"ui":[],"creatorname":"RichJ","creatorimage_medium":"https:\/\/s.yimg.com\/wv\/images\/943182f1a1d37105e8cdac60cb99cb6e_48.jpg","creatorimage_small":"https:\/\/s.yimg.com\/wv\/images\/943182f1a1d37105e8cdac60cb99cb6e_16.jpg"},"PIPE_ID":"2f1e3250960f8b731e162abf4b1fc8b3","ACTIONS":{"View Results":"\/pipes\/pipe.info?_id=2f1e3250960f8b731e162abf4b1fc8b3","View Source":"\/pipes\/pipe.edit?_id=2f1e3250960f8b731e162abf4b1fc8b3","Clone":"\/pipes\/pipe.clone?_crumb=0&_id=2f1e3250960f8b731e162abf4b1fc8b3"}}