{"PIPE":{"description":" ","clones":1,"working":"{\"layout\":[{\"id\":\"sw-55\",\"xy\":[177,85]},{\"id\":\"_OUTPUT\",\"xy\":[341,568]},{\"id\":\"sw-137\",\"xy\":[597,220]}],\"modules\":[{\"type\":\"fetch\",\"id\":\"sw-55\",\"conf\":{\"URL\":{\"value\":\"http:\/\/www.feedbooks.com\/books\/top.atom?category=FBFIC014000&lang=en\",\"type\":\"url\"}}},{\"type\":\"output\",\"id\":\"_OUTPUT\",\"conf\":{}},{\"type\":\"rename\",\"id\":\"sw-137\",\"conf\":{\"RULE\":[{\"field\":{\"value\":\"\",\"type\":\"text\"},\"op\":{\"type\":\"text\",\"value\":\"rename\"},\"newval\":{\"value\":\"\",\"type\":\"text\"}}]}}],\"terminaldata\":[],\"wires\":[{\"id\":\"_w0\",\"src\":{\"id\":\"_OUTPUT\",\"moduleid\":\"sw-55\"},\"tgt\":{\"id\":\"_INPUT\",\"moduleid\":\"sw-137\"}},{\"id\":\"_w1\",\"src\":{\"id\":\"_OUTPUT\",\"moduleid\":\"sw-137\"},\"tgt\":{\"id\":\"_INPUT\",\"moduleid\":\"_OUTPUT\"}}]}","guid":"U6NQLJFDD3DHBIHDXRQDM4SQS4","published":null,"createtime":"2015-06-28 12:09:23","runs":null,"domain":["feedbooks.com","www.feedbooks.com","ycombinator.com","news.ycombinator.com","ihackernews.com","api.ihackernews.com","feedburner.com","feeds.feedburner.com","digg.com"],"status":"A","favorited":null,"engineversion":2,"module":["rename","fetch"],"id":"32504cdaecb63ddc75e0d03ac7e3ac03","modifiedtime":"2015-06-28 12:09:25","name":"BOOKS - Historical","abuse":null,"pubtime":"1970-01-01 12:00:00","modified":1,"modifiedtime_ts":1435450165,"is_favorite":0,"is_owner":0,"tags":{"module":["rename","fetch"],"domain":["feedbooks.com","www.feedbooks.com","ycombinator.com","news.ycombinator.com","ihackernews.com","api.ihackernews.com","feedburner.com","feeds.feedburner.com","digg.com"]},"ui":[],"creatorname":"a contributor","creatorimage_medium":"http:\/\/l.yimg.com\/a\/i\/identity\/nopic_48.gif","creatorimage_small":"http:\/\/l.yimg.com\/a\/i\/identity\/nopic_16.gif"},"PIPE_ID":"32504cdaecb63ddc75e0d03ac7e3ac03","ACTIONS":{"View Results":"\/pipes\/pipe.info?_id=32504cdaecb63ddc75e0d03ac7e3ac03","View Source":"\/pipes\/pipe.edit?_id=32504cdaecb63ddc75e0d03ac7e3ac03","Clone":"\/pipes\/pipe.clone?_crumb=0&_id=32504cdaecb63ddc75e0d03ac7e3ac03"}}