{"PIPE":{"name":"TRUEREDDIT - Articles","domain":["herokuapp.com","quiet-fjord-2957.herokuapp.com","reddit.com"],"pubtime":"2015-05-27 02:38:13","published":1,"description":"Reformatting the reddit rss feed so that the stories are linked instead of the comments.\n\nProxied to avoid rate limiting.","status":"A","runs":null,"guid":"U6NQLJFDD3DHBIHDXRQDM4SQS4","engineversion":2,"id":"792a6a5fc2c23eafe6a80855263ac259","modifiedtime":"2015-05-27 02:45:56","createtime":"2014-08-13 09:03:44","favorited":null,"live":"{\"layout\":[{\"id\":\"sw-59\",\"xy\":[183,85]},{\"id\":\"_OUTPUT\",\"xy\":[579,748]},{\"id\":\"sw-70\",\"xy\":[177,509]},{\"id\":\"sw-143\",\"xy\":[186,301]},{\"id\":\"sw-158\",\"xy\":[189,182]}],\"modules\":[{\"type\":\"fetch\",\"id\":\"sw-59\",\"conf\":{\"URL\":{\"value\":\"https:\/\/quiet-fjord-2957.herokuapp.com\/proxy\/http:\/\/reddit.com\/r\/truereddit.rss\",\"type\":\"url\"}}},{\"type\":\"output\",\"id\":\"_OUTPUT\",\"conf\":{}},{\"type\":\"rename\",\"id\":\"sw-70\",\"conf\":{\"RULE\":[{\"field\":{\"value\":\"getalink\",\"type\":\"text\"},\"op\":{\"type\":\"text\",\"value\":\"rename\"},\"newval\":{\"value\":\"link\",\"type\":\"text\"}},{\"field\":{\"value\":\"y:title\",\"type\":\"text\"},\"op\":{\"type\":\"text\",\"value\":\"copy\"},\"newval\":{\"value\":\"title\",\"type\":\"text\"}}]}},{\"type\":\"regex\",\"id\":\"sw-143\",\"conf\":{\"RULE\":[{\"field\":{\"value\":\"getalink\",\"type\":\"text\"},\"match\":{\"value\":\".*<a href=\\\"([^\\\"]+)\\\"[^>]*>\\\\[link\\\\].*\",\"type\":\"text\"},\"replace\":{\"value\":\"$1\",\"type\":\"text\"}},{\"field\":{\"value\":\"whaterddit\",\"type\":\"text\"},\"match\":{\"value\":\"http:\/\/www.reddit.com\/r\/([^\/]*)\/.*\",\"type\":\"text\"},\"replace\":{\"value\":\"$1\",\"type\":\"text\"}}]}},{\"type\":\"rename\",\"id\":\"sw-158\",\"conf\":{\"RULE\":[{\"field\":{\"value\":\"description\",\"type\":\"text\"},\"op\":{\"type\":\"text\",\"value\":\"copy\"},\"newval\":{\"value\":\"getalink\",\"type\":\"text\"}},{\"field\":{\"value\":\"link\",\"type\":\"text\"},\"op\":{\"type\":\"text\",\"value\":\"rename\"},\"newval\":{\"value\":\"whaterddit\",\"type\":\"text\"}}]}}],\"terminaldata\":[{\"id\":\"_OUTPUT\",\"moduleid\":\"sw-59\",\"data\":{\"_type\":\"item\",\"_attr\":{\"link\":{\"_type\":\"url\",\"_count\":\"9\"},\"y:id\":{\"_type\":\"\",\"_attr\":{\"value\":{\"_type\":\"url\",\"_count\":\"9\"},\"permalink\":{\"_type\":\"text\",\"_count\":\"9\"}}},\"media:title\":{\"_type\":\"text\",\"_count\":\"2\"},\"description\":{\"_type\":\"text\",\"_count\":\"9\"},\"dc:date\":{\"_type\":\"datetime\",\"_count\":\"9\"},\"media:thumbnail\":{\"_type\":\"\",\"_attr\":{\"url\":{\"_type\":\"url\",\"_count\":\"2\"}}},\"y:title\":{\"_type\":\"text\",\"_count\":\"9\"},\"title\":{\"_type\":\"text\",\"_count\":\"9\"},\"guid\":{\"_type\":\"\",\"_attr\":{\"isPermaLink\":{\"_type\":\"text\",\"_count\":\"9\"},\"content\":{\"_type\":\"url\",\"_count\":\"9\"}}},\"pubDate\":{\"_type\":\"datetime\",\"_count\":\"9\"},\"y:published\":{\"_type\":\"datetime\",\"_attr\":{\"hour\":{\"_type\":\"number\",\"_count\":\"9\"},\"timezone\":{\"_type\":\"text\",\"_count\":\"9\"},\"second\":{\"_type\":\"number\",\"_count\":\"9\"},\"month\":{\"_type\":\"number\",\"_count\":\"9\"},\"minute\":{\"_type\":\"number\",\"_count\":\"9\"},\"utime\":{\"_type\":\"number\",\"_count\":\"9\"},\"day_of_week\":{\"_type\":\"number\",\"_count\":\"9\"},\"day\":{\"_type\":\"number\",\"_count\":\"9\"},\"year\":{\"_type\":\"number\",\"_count\":\"9\"}}}}}},{\"id\":\"_OUTPUT\",\"moduleid\":\"sw-70\",\"data\":{\"_type\":\"item\",\"_attr\":{\"link\":{\"_type\":\"url\",\"_count\":\"9\"},\"y:id\":{\"_type\":\"\",\"_attr\":{\"value\":{\"_type\":\"url\",\"_count\":\"9\"},\"permalink\":{\"_type\":\"text\",\"_count\":\"9\"}}},\"media:title\":{\"_type\":\"text\",\"_count\":\"2\"},\"description\":{\"_type\":\"text\",\"_count\":\"9\"},\"dc:date\":{\"_type\":\"datetime\",\"_count\":\"9\"},\"whaterddit\":{\"_type\":\"text\",\"_count\":\"9\"},\"media:thumbnail\":{\"_type\":\"\",\"_attr\":{\"url\":{\"_type\":\"url\",\"_count\":\"2\"}}},\"getalink\":{\"_type\":\"blank\"},\"y:title\":{\"_type\":\"text\",\"_count\":\"9\"},\"guid\":{\"_type\":\"\",\"_attr\":{\"isPermaLink\":{\"_type\":\"text\",\"_count\":\"9\"},\"content\":{\"_type\":\"url\",\"_count\":\"9\"}}},\"title\":{\"_type\":\"text\",\"_count\":\"9\"},\"pubDate\":{\"_type\":\"datetime\",\"_count\":\"9\"},\"y:published\":{\"_type\":\"datetime\",\"_attr\":{\"hour\":{\"_type\":\"number\",\"_count\":\"9\"},\"timezone\":{\"_type\":\"text\",\"_count\":\"9\"},\"second\":{\"_type\":\"number\",\"_count\":\"9\"},\"month\":{\"_type\":\"number\",\"_count\":\"9\"},\"minute\":{\"_type\":\"number\",\"_count\":\"9\"},\"utime\":{\"_type\":\"number\",\"_count\":\"9\"},\"day_of_week\":{\"_type\":\"number\",\"_count\":\"9\"},\"day\":{\"_type\":\"number\",\"_count\":\"9\"},\"year\":{\"_type\":\"number\",\"_count\":\"9\"}}}}}},{\"id\":\"_OUTPUT\",\"moduleid\":\"sw-143\",\"data\":{\"_type\":\"item\",\"_attr\":{\"link\":{\"_type\":\"blank\"},\"y:id\":{\"_type\":\"\",\"_attr\":{\"value\":{\"_type\":\"url\",\"_count\":\"9\"},\"permalink\":{\"_type\":\"text\",\"_count\":\"9\"}}},\"media:title\":{\"_type\":\"text\",\"_count\":\"2\"},\"description\":{\"_type\":\"text\",\"_count\":\"9\"},\"dc:date\":{\"_type\":\"datetime\",\"_count\":\"9\"},\"whaterddit\":{\"_type\":\"text\",\"_count\":\"9\"},\"media:thumbnail\":{\"_type\":\"\",\"_attr\":{\"url\":{\"_type\":\"url\",\"_count\":\"2\"}}},\"getalink\":{\"_type\":\"url\",\"_count\":\"9\"},\"y:title\":{\"_type\":\"text\",\"_count\":\"9\"},\"guid\":{\"_type\":\"\",\"_attr\":{\"isPermaLink\":{\"_type\":\"text\",\"_count\":\"9\"},\"content\":{\"_type\":\"url\",\"_count\":\"9\"}}},\"title\":{\"_type\":\"text\",\"_count\":\"9\"},\"pubDate\":{\"_type\":\"datetime\",\"_count\":\"9\"},\"y:published\":{\"_type\":\"datetime\",\"_attr\":{\"hour\":{\"_type\":\"number\",\"_count\":\"9\"},\"timezone\":{\"_type\":\"text\",\"_count\":\"9\"},\"second\":{\"_type\":\"number\",\"_count\":\"9\"},\"month\":{\"_type\":\"number\",\"_count\":\"9\"},\"minute\":{\"_type\":\"number\",\"_count\":\"9\"},\"utime\":{\"_type\":\"number\",\"_count\":\"9\"},\"day_of_week\":{\"_type\":\"number\",\"_count\":\"9\"},\"day\":{\"_type\":\"number\",\"_count\":\"9\"},\"year\":{\"_type\":\"number\",\"_count\":\"9\"}}}}}},{\"id\":\"_OUTPUT\",\"moduleid\":\"sw-158\",\"data\":{\"_type\":\"item\",\"_attr\":{\"link\":{\"_type\":\"blank\"},\"y:id\":{\"_type\":\"\",\"_attr\":{\"value\":{\"_type\":\"url\",\"_count\":\"9\"},\"permalink\":{\"_type\":\"text\",\"_count\":\"9\"}}},\"media:title\":{\"_type\":\"text\",\"_count\":\"2\"},\"description\":{\"_type\":\"text\",\"_count\":\"9\"},\"dc:date\":{\"_type\":\"datetime\",\"_count\":\"9\"},\"whaterddit\":{\"_type\":\"url\",\"_count\":\"9\"},\"media:thumbnail\":{\"_type\":\"\",\"_attr\":{\"url\":{\"_type\":\"url\",\"_count\":\"2\"}}},\"getalink\":{\"_type\":\"text\",\"_count\":\"9\"},\"y:title\":{\"_type\":\"text\",\"_count\":\"9\"},\"guid\":{\"_type\":\"\",\"_attr\":{\"isPermaLink\":{\"_type\":\"text\",\"_count\":\"9\"},\"content\":{\"_type\":\"url\",\"_count\":\"9\"}}},\"title\":{\"_type\":\"text\",\"_count\":\"9\"},\"pubDate\":{\"_type\":\"datetime\",\"_count\":\"9\"},\"y:published\":{\"_type\":\"datetime\",\"_attr\":{\"hour\":{\"_type\":\"number\",\"_count\":\"9\"},\"timezone\":{\"_type\":\"text\",\"_count\":\"9\"},\"second\":{\"_type\":\"number\",\"_count\":\"9\"},\"month\":{\"_type\":\"number\",\"_count\":\"9\"},\"minute\":{\"_type\":\"number\",\"_count\":\"9\"},\"utime\":{\"_type\":\"number\",\"_count\":\"9\"},\"day_of_week\":{\"_type\":\"number\",\"_count\":\"9\"},\"day\":{\"_type\":\"number\",\"_count\":\"9\"},\"year\":{\"_type\":\"number\",\"_count\":\"9\"}}}}}}],\"wires\":[{\"id\":\"_w0\",\"src\":{\"id\":\"_OUTPUT\",\"moduleid\":\"sw-59\"},\"tgt\":{\"id\":\"_INPUT\",\"moduleid\":\"sw-158\"}},{\"id\":\"_w1\",\"src\":{\"id\":\"_OUTPUT\",\"moduleid\":\"sw-70\"},\"tgt\":{\"id\":\"_INPUT\",\"moduleid\":\"_OUTPUT\"}},{\"id\":\"_w2\",\"src\":{\"id\":\"_OUTPUT\",\"moduleid\":\"sw-143\"},\"tgt\":{\"id\":\"_INPUT\",\"moduleid\":\"sw-70\"}},{\"id\":\"_w3\",\"src\":{\"id\":\"_OUTPUT\",\"moduleid\":\"sw-158\"},\"tgt\":{\"id\":\"_INPUT\",\"moduleid\":\"sw-143\"}}]}","abuse":null,"module":["regex","rename","fetch"],"working":"{\"layout\":[{\"id\":\"sw-59\",\"xy\":[326,85]},{\"id\":\"_OUTPUT\",\"xy\":[579,763]},{\"id\":\"sw-70\",\"xy\":[177,524]},{\"id\":\"sw-143\",\"xy\":[186,316]},{\"id\":\"sw-158\",\"xy\":[189,197]}],\"modules\":[{\"type\":\"fetch\",\"id\":\"sw-59\",\"conf\":{\"URL\":{\"value\":\"https:\/\/quiet-fjord-2957.herokuapp.com\/proxy\/http:\/\/reddit.com\/r\/truereddit.rss\",\"type\":\"url\"}}},{\"type\":\"output\",\"id\":\"_OUTPUT\",\"conf\":{}},{\"type\":\"rename\",\"id\":\"sw-70\",\"conf\":{\"RULE\":[{\"field\":{\"value\":\"getalink\",\"type\":\"text\"},\"op\":{\"type\":\"text\",\"value\":\"rename\"},\"newval\":{\"value\":\"link\",\"type\":\"text\"}},{\"field\":{\"value\":\"y:title\",\"type\":\"text\"},\"op\":{\"type\":\"text\",\"value\":\"copy\"},\"newval\":{\"value\":\"title\",\"type\":\"text\"}}]}},{\"type\":\"regex\",\"id\":\"sw-143\",\"conf\":{\"RULE\":[{\"field\":{\"value\":\"getalink\",\"type\":\"text\"},\"match\":{\"value\":\".*<a href=\\\"([^\\\"]+)\\\"[^>]*>\\\\[link\\\\].*\",\"type\":\"text\"},\"replace\":{\"value\":\"$1\",\"type\":\"text\"}},{\"field\":{\"value\":\"whaterddit\",\"type\":\"text\"},\"match\":{\"value\":\"http:\/\/www.reddit.com\/r\/([^\/]*)\/.*\",\"type\":\"text\"},\"replace\":{\"value\":\"$1\",\"type\":\"text\"}}]}},{\"type\":\"rename\",\"id\":\"sw-158\",\"conf\":{\"RULE\":[{\"field\":{\"value\":\"description\",\"type\":\"text\"},\"op\":{\"type\":\"text\",\"value\":\"copy\"},\"newval\":{\"value\":\"getalink\",\"type\":\"text\"}},{\"field\":{\"value\":\"link\",\"type\":\"text\"},\"op\":{\"type\":\"text\",\"value\":\"rename\"},\"newval\":{\"value\":\"whaterddit\",\"type\":\"text\"}}]}}],\"terminaldata\":[{\"id\":\"_OUTPUT\",\"moduleid\":\"sw-59\",\"data\":{\"_type\":\"item\",\"_attr\":{\"link\":{\"_type\":\"url\",\"_count\":\"9\"},\"y:id\":{\"_type\":\"\",\"_attr\":{\"value\":{\"_type\":\"url\",\"_count\":\"9\"},\"permalink\":{\"_type\":\"text\",\"_count\":\"9\"}}},\"media:title\":{\"_type\":\"text\",\"_count\":\"2\"},\"description\":{\"_type\":\"text\",\"_count\":\"9\"},\"dc:date\":{\"_type\":\"datetime\",\"_count\":\"9\"},\"media:thumbnail\":{\"_type\":\"\",\"_attr\":{\"url\":{\"_type\":\"url\",\"_count\":\"2\"}}},\"y:title\":{\"_type\":\"text\",\"_count\":\"9\"},\"title\":{\"_type\":\"text\",\"_count\":\"9\"},\"guid\":{\"_type\":\"\",\"_attr\":{\"isPermaLink\":{\"_type\":\"text\",\"_count\":\"9\"},\"content\":{\"_type\":\"url\",\"_count\":\"9\"}}},\"pubDate\":{\"_type\":\"datetime\",\"_count\":\"9\"},\"y:published\":{\"_type\":\"datetime\",\"_attr\":{\"hour\":{\"_type\":\"number\",\"_count\":\"9\"},\"timezone\":{\"_type\":\"text\",\"_count\":\"9\"},\"second\":{\"_type\":\"number\",\"_count\":\"9\"},\"month\":{\"_type\":\"number\",\"_count\":\"9\"},\"minute\":{\"_type\":\"number\",\"_count\":\"9\"},\"utime\":{\"_type\":\"number\",\"_count\":\"9\"},\"day_of_week\":{\"_type\":\"number\",\"_count\":\"9\"},\"day\":{\"_type\":\"number\",\"_count\":\"9\"},\"year\":{\"_type\":\"number\",\"_count\":\"9\"}}}}}},{\"id\":\"_OUTPUT\",\"moduleid\":\"sw-70\",\"data\":{\"_type\":\"item\",\"_attr\":{\"link\":{\"_type\":\"url\",\"_count\":\"9\"},\"y:id\":{\"_type\":\"\",\"_attr\":{\"value\":{\"_type\":\"url\",\"_count\":\"9\"},\"permalink\":{\"_type\":\"text\",\"_count\":\"9\"}}},\"media:title\":{\"_type\":\"text\",\"_count\":\"2\"},\"description\":{\"_type\":\"text\",\"_count\":\"9\"},\"dc:date\":{\"_type\":\"datetime\",\"_count\":\"9\"},\"whaterddit\":{\"_type\":\"text\",\"_count\":\"9\"},\"media:thumbnail\":{\"_type\":\"\",\"_attr\":{\"url\":{\"_type\":\"url\",\"_count\":\"2\"}}},\"getalink\":{\"_type\":\"blank\"},\"y:title\":{\"_type\":\"text\",\"_count\":\"9\"},\"guid\":{\"_type\":\"\",\"_attr\":{\"isPermaLink\":{\"_type\":\"text\",\"_count\":\"9\"},\"content\":{\"_type\":\"url\",\"_count\":\"9\"}}},\"title\":{\"_type\":\"text\",\"_count\":\"9\"},\"pubDate\":{\"_type\":\"datetime\",\"_count\":\"9\"},\"y:published\":{\"_type\":\"datetime\",\"_attr\":{\"hour\":{\"_type\":\"number\",\"_count\":\"9\"},\"timezone\":{\"_type\":\"text\",\"_count\":\"9\"},\"second\":{\"_type\":\"number\",\"_count\":\"9\"},\"month\":{\"_type\":\"number\",\"_count\":\"9\"},\"minute\":{\"_type\":\"number\",\"_count\":\"9\"},\"utime\":{\"_type\":\"number\",\"_count\":\"9\"},\"day_of_week\":{\"_type\":\"number\",\"_count\":\"9\"},\"day\":{\"_type\":\"number\",\"_count\":\"9\"},\"year\":{\"_type\":\"number\",\"_count\":\"9\"}}}}}},{\"id\":\"_OUTPUT\",\"moduleid\":\"sw-143\",\"data\":{\"_type\":\"item\",\"_attr\":{\"link\":{\"_type\":\"blank\"},\"y:id\":{\"_type\":\"\",\"_attr\":{\"value\":{\"_type\":\"url\",\"_count\":\"9\"},\"permalink\":{\"_type\":\"text\",\"_count\":\"9\"}}},\"media:title\":{\"_type\":\"text\",\"_count\":\"2\"},\"description\":{\"_type\":\"text\",\"_count\":\"9\"},\"dc:date\":{\"_type\":\"datetime\",\"_count\":\"9\"},\"whaterddit\":{\"_type\":\"text\",\"_count\":\"9\"},\"media:thumbnail\":{\"_type\":\"\",\"_attr\":{\"url\":{\"_type\":\"url\",\"_count\":\"2\"}}},\"getalink\":{\"_type\":\"url\",\"_count\":\"9\"},\"y:title\":{\"_type\":\"text\",\"_count\":\"9\"},\"guid\":{\"_type\":\"\",\"_attr\":{\"isPermaLink\":{\"_type\":\"text\",\"_count\":\"9\"},\"content\":{\"_type\":\"url\",\"_count\":\"9\"}}},\"title\":{\"_type\":\"text\",\"_count\":\"9\"},\"pubDate\":{\"_type\":\"datetime\",\"_count\":\"9\"},\"y:published\":{\"_type\":\"datetime\",\"_attr\":{\"hour\":{\"_type\":\"number\",\"_count\":\"9\"},\"timezone\":{\"_type\":\"text\",\"_count\":\"9\"},\"second\":{\"_type\":\"number\",\"_count\":\"9\"},\"month\":{\"_type\":\"number\",\"_count\":\"9\"},\"minute\":{\"_type\":\"number\",\"_count\":\"9\"},\"utime\":{\"_type\":\"number\",\"_count\":\"9\"},\"day_of_week\":{\"_type\":\"number\",\"_count\":\"9\"},\"day\":{\"_type\":\"number\",\"_count\":\"9\"},\"year\":{\"_type\":\"number\",\"_count\":\"9\"}}}}}},{\"id\":\"_OUTPUT\",\"moduleid\":\"sw-158\",\"data\":{\"_type\":\"item\",\"_attr\":{\"link\":{\"_type\":\"blank\"},\"y:id\":{\"_type\":\"\",\"_attr\":{\"value\":{\"_type\":\"url\",\"_count\":\"9\"},\"permalink\":{\"_type\":\"text\",\"_count\":\"9\"}}},\"media:title\":{\"_type\":\"text\",\"_count\":\"2\"},\"description\":{\"_type\":\"text\",\"_count\":\"9\"},\"dc:date\":{\"_type\":\"datetime\",\"_count\":\"9\"},\"whaterddit\":{\"_type\":\"url\",\"_count\":\"9\"},\"media:thumbnail\":{\"_type\":\"\",\"_attr\":{\"url\":{\"_type\":\"url\",\"_count\":\"2\"}}},\"getalink\":{\"_type\":\"text\",\"_count\":\"9\"},\"y:title\":{\"_type\":\"text\",\"_count\":\"9\"},\"guid\":{\"_type\":\"\",\"_attr\":{\"isPermaLink\":{\"_type\":\"text\",\"_count\":\"9\"},\"content\":{\"_type\":\"url\",\"_count\":\"9\"}}},\"title\":{\"_type\":\"text\",\"_count\":\"9\"},\"pubDate\":{\"_type\":\"datetime\",\"_count\":\"9\"},\"y:published\":{\"_type\":\"datetime\",\"_attr\":{\"hour\":{\"_type\":\"number\",\"_count\":\"9\"},\"timezone\":{\"_type\":\"text\",\"_count\":\"9\"},\"second\":{\"_type\":\"number\",\"_count\":\"9\"},\"month\":{\"_type\":\"number\",\"_count\":\"9\"},\"minute\":{\"_type\":\"number\",\"_count\":\"9\"},\"utime\":{\"_type\":\"number\",\"_count\":\"9\"},\"day_of_week\":{\"_type\":\"number\",\"_count\":\"9\"},\"day\":{\"_type\":\"number\",\"_count\":\"9\"},\"year\":{\"_type\":\"number\",\"_count\":\"9\"}}}}}}],\"wires\":[{\"id\":\"_w0\",\"src\":{\"id\":\"_OUTPUT\",\"moduleid\":\"sw-59\"},\"tgt\":{\"id\":\"_INPUT\",\"moduleid\":\"sw-158\"}},{\"id\":\"_w1\",\"src\":{\"id\":\"_OUTPUT\",\"moduleid\":\"sw-70\"},\"tgt\":{\"id\":\"_INPUT\",\"moduleid\":\"_OUTPUT\"}},{\"id\":\"_w2\",\"src\":{\"id\":\"_OUTPUT\",\"moduleid\":\"sw-143\"},\"tgt\":{\"id\":\"_INPUT\",\"moduleid\":\"sw-70\"}},{\"id\":\"_w3\",\"src\":{\"id\":\"_OUTPUT\",\"moduleid\":\"sw-158\"},\"tgt\":{\"id\":\"_INPUT\",\"moduleid\":\"sw-143\"}}]}","clones":1,"pubtime_ts":1432694293,"modified":1,"modifiedtime_ts":1432694756,"is_favorite":0,"is_owner":0,"tags":{"module":["regex","rename","fetch"],"domain":["herokuapp.com","quiet-fjord-2957.herokuapp.com","reddit.com"]},"ui":[],"creatorname":"a contributor","creatorimage_medium":"http:\/\/l.yimg.com\/a\/i\/identity\/nopic_48.gif","creatorimage_small":"http:\/\/l.yimg.com\/a\/i\/identity\/nopic_16.gif"},"PIPE_ID":"792a6a5fc2c23eafe6a80855263ac259","ACTIONS":{"View Results":"\/pipes\/pipe.info?_id=792a6a5fc2c23eafe6a80855263ac259","View Source":"\/pipes\/pipe.edit?_id=792a6a5fc2c23eafe6a80855263ac259","Clone":"\/pipes\/pipe.clone?_crumb=0&_id=792a6a5fc2c23eafe6a80855263ac259"}}