{"PIPE":{"description":" ","clones":1,"working":"{\"layout\":[{\"id\":\"sw-55\",\"xy\":[177,85]},{\"id\":\"_OUTPUT\",\"xy\":[526,593]}],\"modules\":[{\"type\":\"fetch\",\"id\":\"sw-55\",\"conf\":{\"URL\":{\"value\":\"http:\/\/digg.com\/rss\/top.rss\",\"type\":\"url\"}}},{\"type\":\"output\",\"id\":\"_OUTPUT\",\"conf\":{}}],\"terminaldata\":[],\"wires\":[{\"id\":\"_w0\",\"src\":{\"id\":\"_OUTPUT\",\"moduleid\":\"sw-55\"},\"tgt\":{\"id\":\"_INPUT\",\"moduleid\":\"_OUTPUT\"}}]}","guid":"U6NQLJFDD3DHBIHDXRQDM4SQS4","published":null,"createtime":"2014-09-16 12:05:01","runs":null,"domain":["digg.com","feeds.feedburner.com","feedburner.com","api.ihackernews.com","ihackernews.com","news.ycombinator.com","ycombinator.com"],"status":"A","favorited":null,"engineversion":2,"module":["fetch"],"id":"8ef995083e5fe68ae3fe2d3d95f71844","modifiedtime":"2014-09-16 12:05:25","name":"DIGG","abuse":null,"pubtime":"1970-01-01 12:00:00","modified":1,"modifiedtime_ts":1410825925,"is_favorite":0,"is_owner":0,"tags":{"module":["fetch"],"domain":["digg.com","feeds.feedburner.com","feedburner.com","api.ihackernews.com","ihackernews.com","news.ycombinator.com","ycombinator.com"]},"ui":[],"creatorname":"RichJ","creatorimage_medium":"https:\/\/s.yimg.com\/wv\/images\/943182f1a1d37105e8cdac60cb99cb6e_48.jpg","creatorimage_small":"https:\/\/s.yimg.com\/wv\/images\/943182f1a1d37105e8cdac60cb99cb6e_16.jpg"},"PIPE_ID":"8ef995083e5fe68ae3fe2d3d95f71844","ACTIONS":{"View Results":"\/pipes\/pipe.info?_id=8ef995083e5fe68ae3fe2d3d95f71844","View Source":"\/pipes\/pipe.edit?_id=8ef995083e5fe68ae3fe2d3d95f71844","Clone":"\/pipes\/pipe.clone?_crumb=0&_id=8ef995083e5fe68ae3fe2d3d95f71844"}}