{"PIPE":{"description":" ","clones":null,"working":"{\"layout\":[{\"id\":\"sw-55\",\"xy\":[281,85]},{\"id\":\"_OUTPUT\",\"xy\":[189,548]},{\"id\":\"sw-137\",\"xy\":[523,219]}],\"modules\":[{\"type\":\"fetch\",\"id\":\"sw-55\",\"conf\":{\"URL\":{\"value\":\"http:\/\/www.feedbooks.com\/books\/top.atom?category=FBNFC000000&lang=en\",\"type\":\"url\"}}},{\"type\":\"output\",\"id\":\"_OUTPUT\",\"conf\":{}},{\"type\":\"rename\",\"id\":\"sw-137\",\"conf\":{\"RULE\":[{\"field\":{\"value\":\"\",\"type\":\"text\"},\"op\":{\"type\":\"text\",\"value\":\"rename\"},\"newval\":{\"value\":\"\",\"type\":\"text\"}}]}}],\"terminaldata\":[],\"wires\":[{\"id\":\"_w0\",\"src\":{\"id\":\"_OUTPUT\",\"moduleid\":\"sw-55\"},\"tgt\":{\"id\":\"_INPUT\",\"moduleid\":\"sw-137\"}},{\"id\":\"_w1\",\"src\":{\"id\":\"_OUTPUT\",\"moduleid\":\"sw-137\"},\"tgt\":{\"id\":\"_INPUT\",\"moduleid\":\"_OUTPUT\"}}]}","guid":"U6NQLJFDD3DHBIHDXRQDM4SQS4","published":null,"createtime":"2015-06-28 12:20:06","runs":null,"domain":["feedbooks.com","www.feedbooks.com","ycombinator.com","news.ycombinator.com","ihackernews.com","api.ihackernews.com","feedburner.com","feeds.feedburner.com","digg.com"],"status":"A","favorited":null,"engineversion":2,"module":["rename","fetch"],"id":"a4bc28d50c84a89ede1da1248e9c1569","modifiedtime":"2015-06-28 12:20:09","name":"BOOKS - Non Fiction","abuse":null,"pubtime":"1970-01-01 12:00:00","modified":1,"modifiedtime_ts":1435450809,"is_favorite":0,"is_owner":0,"tags":{"module":["rename","fetch"],"domain":["feedbooks.com","www.feedbooks.com","ycombinator.com","news.ycombinator.com","ihackernews.com","api.ihackernews.com","feedburner.com","feeds.feedburner.com","digg.com"]},"ui":[],"creatorname":"a contributor","creatorimage_medium":"http:\/\/l.yimg.com\/a\/i\/identity\/nopic_48.gif","creatorimage_small":"http:\/\/l.yimg.com\/a\/i\/identity\/nopic_16.gif"},"PIPE_ID":"a4bc28d50c84a89ede1da1248e9c1569","ACTIONS":{"View Results":"\/pipes\/pipe.info?_id=a4bc28d50c84a89ede1da1248e9c1569","View Source":"\/pipes\/pipe.edit?_id=a4bc28d50c84a89ede1da1248e9c1569","Clone":"\/pipes\/pipe.clone?_crumb=0&_id=a4bc28d50c84a89ede1da1248e9c1569"}}