{"PIPE":{"description":null,"clones":1,"working":"{\"layout\":[{\"id\":\"sw-55\",\"xy\":[357,104]},{\"id\":\"_OUTPUT\",\"xy\":[706,612]}],\"modules\":[{\"type\":\"fetch\",\"id\":\"sw-55\",\"conf\":{\"URL\":{\"value\":\"https:\/\/news.ycombinator.com\/rss\",\"type\":\"url\"}}},{\"type\":\"output\",\"id\":\"_OUTPUT\",\"conf\":{}}],\"terminaldata\":[],\"wires\":[{\"id\":\"_w1\",\"src\":{\"id\":\"_OUTPUT\",\"moduleid\":\"sw-55\"},\"tgt\":{\"id\":\"_INPUT\",\"moduleid\":\"_OUTPUT\"}}]}","guid":"U6NQLJFDD3DHBIHDXRQDM4SQS4","published":null,"createtime":"2014-08-13 07:55:34","runs":null,"domain":["ycombinator.com","news.ycombinator.com","ihackernews.com","api.ihackernews.com","feedburner.com","feeds.feedburner.com"],"status":"A","favorited":null,"engineversion":2,"module":["fetch"],"id":"af38f38c0a21785ef8409d48ab4c1246","modifiedtime":"2014-08-13 08:03:51","name":"HACKERNEWS","abuse":null,"pubtime":"1970-01-01 12:00:00","modified":1,"modifiedtime_ts":1407960231,"is_favorite":0,"is_owner":0,"tags":{"module":["fetch"],"domain":["ycombinator.com","news.ycombinator.com","ihackernews.com","api.ihackernews.com","feedburner.com","feeds.feedburner.com"]},"ui":[],"creatorname":"a contributor","creatorimage_medium":"http:\/\/l.yimg.com\/a\/i\/identity\/nopic_48.gif","creatorimage_small":"http:\/\/l.yimg.com\/a\/i\/identity\/nopic_16.gif"},"PIPE_ID":"af38f38c0a21785ef8409d48ab4c1246","ACTIONS":{"View Results":"\/pipes\/pipe.info?_id=af38f38c0a21785ef8409d48ab4c1246","View Source":"\/pipes\/pipe.edit?_id=af38f38c0a21785ef8409d48ab4c1246","Clone":"\/pipes\/pipe.clone?_crumb=0&_id=af38f38c0a21785ef8409d48ab4c1246"}}