{"PIPE":{"description":" ","clones":1,"working":"{\"layout\":[{\"id\":\"sw-55\",\"xy\":[177,85]},{\"id\":\"_OUTPUT\",\"xy\":[526,593]},{\"id\":\"sw-137\",\"xy\":[279,299]}],\"modules\":[{\"type\":\"fetch\",\"id\":\"sw-55\",\"conf\":{\"URL\":{\"value\":\"http:\/\/www.feedbooks.com\/books\/top.atom?category=FBFIC029000&lang=en\",\"type\":\"url\"}}},{\"type\":\"output\",\"id\":\"_OUTPUT\",\"conf\":{}},{\"type\":\"rename\",\"id\":\"sw-137\",\"conf\":{\"RULE\":[{\"field\":{\"value\":\"\",\"type\":\"text\"},\"op\":{\"type\":\"text\",\"value\":\"rename\"},\"newval\":{\"value\":\"\",\"type\":\"text\"}}]}}],\"terminaldata\":[],\"wires\":[{\"id\":\"_w0\",\"src\":{\"id\":\"_OUTPUT\",\"moduleid\":\"sw-55\"},\"tgt\":{\"id\":\"_INPUT\",\"moduleid\":\"sw-137\"}},{\"id\":\"_w1\",\"src\":{\"id\":\"_OUTPUT\",\"moduleid\":\"sw-137\"},\"tgt\":{\"id\":\"_INPUT\",\"moduleid\":\"_OUTPUT\"}}]}","guid":"U6NQLJFDD3DHBIHDXRQDM4SQS4","published":null,"createtime":"2015-06-27 11:57:37","runs":null,"domain":["feedbooks.com","www.feedbooks.com","ycombinator.com","news.ycombinator.com","ihackernews.com","api.ihackernews.com","feedburner.com","feeds.feedburner.com","digg.com"],"status":"A","favorited":null,"engineversion":2,"id":"af4a2509db6bc0556e0f4a19e5e6a102","modifiedtime":"2015-06-27 11:57:38","name":"BOOKS - Short Stories copy copy","abuse":null,"pubtime":"1970-01-01 12:00:00","modified":1,"modifiedtime_ts":1435449458,"is_favorite":0,"is_owner":0,"tags":{"domain":["feedbooks.com","www.feedbooks.com","ycombinator.com","news.ycombinator.com","ihackernews.com","api.ihackernews.com","feedburner.com","feeds.feedburner.com","digg.com"]},"ui":[],"creatorname":"RichJ","creatorimage_medium":"https:\/\/s.yimg.com\/wv\/images\/943182f1a1d37105e8cdac60cb99cb6e_48.jpg","creatorimage_small":"https:\/\/s.yimg.com\/wv\/images\/943182f1a1d37105e8cdac60cb99cb6e_16.jpg"},"PIPE_ID":"af4a2509db6bc0556e0f4a19e5e6a102","ACTIONS":{"View Results":"\/pipes\/pipe.info?_id=af4a2509db6bc0556e0f4a19e5e6a102","View Source":"\/pipes\/pipe.edit?_id=af4a2509db6bc0556e0f4a19e5e6a102","Clone":"\/pipes\/pipe.clone?_crumb=0&_id=af4a2509db6bc0556e0f4a19e5e6a102"}}