{"PIPE":{"name":"COMMENTARY","domain":["fairobserver.com","www.fairobserver.com","counterpunch.org","www.counterpunch.org","technologyreview.com","www.technologyreview.com","harpers.org","rollingstone.com","www.rollingstone.com","www.newyorker.com","feedburner.com","feeds.feedburner.com","slate.com","feeds.slate.com","economist.com","www.economist.com","thebaffler.com","www.thebaffler.com","newyorker.com"],"published":null,"format":["media"],"description":null,"status":"A","runs":null,"guid":"U6NQLJFDD3DHBIHDXRQDM4SQS4","engineversion":2,"id":"dc1a399c275cbc0bcf6329c8419d6f4f","modifiedtime":"2014-09-02 06:46:44","createtime":"2014-08-09 06:26:07","favorited":null,"abuse":null,"module":["truncate","tail","fetch","sort"],"working":"{\"layout\":[{\"id\":\"_OUTPUT\",\"xy\":[610,656]},{\"id\":\"sw-113\",\"xy\":[562,352]},{\"id\":\"sw-120\",\"xy\":[177,85]},{\"id\":\"sw-119\",\"xy\":[603,516]}],\"modules\":[{\"type\":\"output\",\"id\":\"_OUTPUT\",\"conf\":{}},{\"type\":\"sort\",\"id\":\"sw-113\",\"conf\":{\"KEY\":[{\"field\":{\"value\":\"pubDate\",\"type\":\"text\"},\"dir\":{\"type\":\"text\",\"value\":\"DESC\"}}]}},{\"type\":\"fetch\",\"id\":\"sw-120\",\"conf\":{\"URL\":[{\"value\":\"http:\/\/www.newyorker.com\/feed\/news\",\"type\":\"url\"},{\"value\":\"http:\/\/www.thebaffler.com\/feed\/\",\"type\":\"url\"},{\"value\":\"http:\/\/www.economist.com\/feeds\/print-sections\/103\/special-reports.xml\",\"type\":\"url\"},{\"value\":\"http:\/\/www.economist.com\/blogs\/democracyinamerica\/index.xml\",\"type\":\"url\"},{\"value\":\"http:\/\/www.economist.com\/feeds\/print-sections\/102\/briefings2.xml\",\"type\":\"url\"},{\"value\":\"http:\/\/www.rollingstone.com\/politics.rss\",\"type\":\"url\"},{\"value\":\"http:\/\/harpers.org\/feed\/\",\"type\":\"url\"},{\"value\":\"http:\/\/www.technologyreview.com\/stream\/rss\/\",\"type\":\"url\"},{\"value\":\"http:\/\/www.counterpunch.org\/feed\/\",\"type\":\"url\"},{\"value\":\"http:\/\/www.fairobserver.com\/feed\/\",\"type\":\"url\"}]}},{\"type\":\"truncate\",\"id\":\"sw-119\",\"conf\":{\"count\":{\"value\":\"45\",\"type\":\"number\"}}}],\"terminaldata\":[],\"wires\":[{\"id\":\"_w0\",\"src\":{\"id\":\"_OUTPUT\",\"moduleid\":\"sw-113\"},\"tgt\":{\"id\":\"_INPUT\",\"moduleid\":\"sw-119\"}},{\"id\":\"_w1\",\"src\":{\"id\":\"_OUTPUT\",\"moduleid\":\"sw-120\"},\"tgt\":{\"id\":\"_INPUT\",\"moduleid\":\"sw-113\"}},{\"id\":\"_w2\",\"src\":{\"id\":\"_OUTPUT\",\"moduleid\":\"sw-119\"},\"tgt\":{\"id\":\"_INPUT\",\"moduleid\":\"_OUTPUT\"}}]}","clones":null,"pubtime":"1970-01-01 12:00:00","modified":1,"modifiedtime_ts":1409683604,"is_favorite":0,"is_owner":0,"tags":{"format":["media"],"domain":["fairobserver.com","www.fairobserver.com","counterpunch.org","www.counterpunch.org","technologyreview.com","www.technologyreview.com","harpers.org","rollingstone.com","www.rollingstone.com","www.newyorker.com","feedburner.com","feeds.feedburner.com","slate.com","feeds.slate.com","economist.com","www.economist.com","thebaffler.com","www.thebaffler.com","newyorker.com"],"module":["truncate","tail","fetch","sort"]},"ui":[],"creatorname":"a contributor","creatorimage_medium":"http:\/\/l.yimg.com\/a\/i\/identity\/nopic_48.gif","creatorimage_small":"http:\/\/l.yimg.com\/a\/i\/identity\/nopic_16.gif"},"PIPE_ID":"dc1a399c275cbc0bcf6329c8419d6f4f","ACTIONS":{"View Results":"\/pipes\/pipe.info?_id=dc1a399c275cbc0bcf6329c8419d6f4f","View Source":"\/pipes\/pipe.edit?_id=dc1a399c275cbc0bcf6329c8419d6f4f","Clone":"\/pipes\/pipe.clone?_crumb=0&_id=dc1a399c275cbc0bcf6329c8419d6f4f"}}