{"PIPE":{"description":null,"clones":null,"working":"{\"layout\":[{\"id\":\"sw-53\",\"xy\":[413,217]},{\"id\":\"_OUTPUT\",\"xy\":[706,634]},{\"id\":\"sw-64\",\"xy\":[557,407]}],\"modules\":[{\"type\":\"fetch\",\"id\":\"sw-53\",\"conf\":{\"URL\":[{\"value\":\"http:\/\/www.newyorker.com\/feed\/books\",\"type\":\"url\"},{\"value\":\"http:\/\/www.newyorker.com\/feed\/humor\",\"type\":\"url\"}]}},{\"type\":\"output\",\"id\":\"_OUTPUT\",\"conf\":{}},{\"type\":\"sort\",\"id\":\"sw-64\",\"conf\":{\"KEY\":[{\"field\":{\"value\":\"pubDate\",\"type\":\"text\"},\"dir\":{\"type\":\"text\",\"value\":\"DESC\"}}]}}],\"terminaldata\":[],\"wires\":[{\"id\":\"_w5\",\"src\":{\"id\":\"_OUTPUT\",\"moduleid\":\"sw-53\"},\"tgt\":{\"id\":\"_INPUT\",\"moduleid\":\"sw-64\"}},{\"id\":\"_w3\",\"src\":{\"id\":\"_OUTPUT\",\"moduleid\":\"sw-64\"},\"tgt\":{\"id\":\"_INPUT\",\"moduleid\":\"_OUTPUT\"}}]}","guid":"U6NQLJFDD3DHBIHDXRQDM4SQS4","published":null,"createtime":"2014-08-09 01:02:01","runs":null,"domain":["newyorker.com","www.newyorker.com"],"status":"A","favorited":null,"engineversion":2,"module":["sort","fetch"],"id":"ee8d2db2513114660b054cd82da29b69","modifiedtime":"2014-08-09 01:22:24","name":"FICTION","abuse":null,"pubtime":"1970-01-01 12:00:00","modified":1,"modifiedtime_ts":1407547344,"is_favorite":0,"is_owner":0,"tags":{"module":["sort","fetch"],"domain":["newyorker.com","www.newyorker.com"]},"ui":[],"creatorname":"RichJ","creatorimage_medium":"https:\/\/s.yimg.com\/wv\/images\/943182f1a1d37105e8cdac60cb99cb6e_48.jpg","creatorimage_small":"https:\/\/s.yimg.com\/wv\/images\/943182f1a1d37105e8cdac60cb99cb6e_16.jpg"},"PIPE_ID":"ee8d2db2513114660b054cd82da29b69","ACTIONS":{"View Results":"\/pipes\/pipe.info?_id=ee8d2db2513114660b054cd82da29b69","View Source":"\/pipes\/pipe.edit?_id=ee8d2db2513114660b054cd82da29b69","Clone":"\/pipes\/pipe.clone?_crumb=0&_id=ee8d2db2513114660b054cd82da29b69"}}