{"PIPE":{"description":" ","clones":null,"working":"{\"layout\":[{\"id\":\"sw-55\",\"xy\":[177,85]},{\"id\":\"_OUTPUT\",\"xy\":[526,593]},{\"id\":\"sw-137\",\"xy\":[279,299]}],\"modules\":[{\"type\":\"fetch\",\"id\":\"sw-55\",\"conf\":{\"URL\":{\"value\":\"http:\/\/www.feedbooks.com\/featured.atom?view=books&price=free\",\"type\":\"url\"}}},{\"type\":\"output\",\"id\":\"_OUTPUT\",\"conf\":{}},{\"type\":\"rename\",\"id\":\"sw-137\",\"conf\":{\"RULE\":[{\"field\":{\"value\":\"\",\"type\":\"text\"},\"op\":{\"type\":\"text\",\"value\":\"rename\"},\"newval\":{\"value\":\"\",\"type\":\"text\"}}]}}],\"terminaldata\":[],\"wires\":[{\"id\":\"_w5\",\"src\":{\"id\":\"_OUTPUT\",\"moduleid\":\"sw-55\"},\"tgt\":{\"id\":\"_INPUT\",\"moduleid\":\"sw-137\"}},{\"id\":\"_w7\",\"src\":{\"id\":\"_OUTPUT\",\"moduleid\":\"sw-137\"},\"tgt\":{\"id\":\"_INPUT\",\"moduleid\":\"_OUTPUT\"}}]}","guid":"U6NQLJFDD3DHBIHDXRQDM4SQS4","published":null,"createtime":"2015-01-28 01:33:29","runs":null,"domain":["digg.com","feeds.feedburner.com","feedburner.com","api.ihackernews.com","ihackernews.com","news.ycombinator.com","ycombinator.com","www.feedbooks.com","feedbooks.com"],"status":"A","favorited":null,"engineversion":2,"id":"f5376982cf7091007810f5afda06b03f","modifiedtime":"2015-01-28 01:33:29","name":"BOOKS - Featured copy","abuse":null,"pubtime":"1970-01-01 12:00:00","modified":1,"modifiedtime_ts":1422408809,"is_favorite":0,"is_owner":0,"tags":{"domain":["digg.com","feeds.feedburner.com","feedburner.com","api.ihackernews.com","ihackernews.com","news.ycombinator.com","ycombinator.com","www.feedbooks.com","feedbooks.com"]},"ui":[],"creatorname":"RichJ","creatorimage_medium":"https:\/\/s.yimg.com\/wv\/images\/943182f1a1d37105e8cdac60cb99cb6e_48.jpg","creatorimage_small":"https:\/\/s.yimg.com\/wv\/images\/943182f1a1d37105e8cdac60cb99cb6e_16.jpg"},"PIPE_ID":"f5376982cf7091007810f5afda06b03f","ACTIONS":{"View Results":"\/pipes\/pipe.info?_id=f5376982cf7091007810f5afda06b03f","View Source":"\/pipes\/pipe.edit?_id=f5376982cf7091007810f5afda06b03f","Clone":"\/pipes\/pipe.clone?_crumb=0&_id=f5376982cf7091007810f5afda06b03f"}}