{"PIPE":{"description":" ","clones":1,"working":"{\"layout\":[{\"id\":\"sw-55\",\"xy\":[177,85]},{\"id\":\"_OUTPUT\",\"xy\":[526,593]},{\"id\":\"sw-137\",\"xy\":[600,220]}],\"modules\":[{\"type\":\"fetch\",\"id\":\"sw-55\",\"conf\":{\"URL\":{\"value\":\"http:\/\/www.feedbooks.com\/books\/top.atom?category=FBFIC002000&lang=en\",\"type\":\"url\"}}},{\"type\":\"output\",\"id\":\"_OUTPUT\",\"conf\":{}},{\"type\":\"rename\",\"id\":\"sw-137\",\"conf\":{\"RULE\":[{\"field\":{\"value\":\"\",\"type\":\"text\"},\"op\":{\"type\":\"text\",\"value\":\"rename\"},\"newval\":{\"value\":\"\",\"type\":\"text\"}}]}}],\"terminaldata\":[],\"wires\":[{\"id\":\"_w0\",\"src\":{\"id\":\"_OUTPUT\",\"moduleid\":\"sw-55\"},\"tgt\":{\"id\":\"_INPUT\",\"moduleid\":\"sw-137\"}},{\"id\":\"_w1\",\"src\":{\"id\":\"_OUTPUT\",\"moduleid\":\"sw-137\"},\"tgt\":{\"id\":\"_INPUT\",\"moduleid\":\"_OUTPUT\"}}]}","guid":"U6NQLJFDD3DHBIHDXRQDM4SQS4","published":null,"createtime":"2015-06-27 11:59:20","runs":null,"domain":["digg.com","feeds.feedburner.com","feedburner.com","api.ihackernews.com","ihackernews.com","news.ycombinator.com","ycombinator.com","www.feedbooks.com","feedbooks.com"],"status":"A","favorited":null,"engineversion":2,"module":["rename","fetch"],"id":"fc3ce96d6d0109354d9d2af8479e2311","modifiedtime":"2015-06-27 11:59:22","name":"BOOKS - Adventure","abuse":null,"pubtime":"1970-01-01 12:00:00","modified":1,"modifiedtime_ts":1435449562,"is_favorite":0,"is_owner":0,"tags":{"module":["rename","fetch"],"domain":["digg.com","feeds.feedburner.com","feedburner.com","api.ihackernews.com","ihackernews.com","news.ycombinator.com","ycombinator.com","www.feedbooks.com","feedbooks.com"]},"ui":[],"creatorname":"a contributor","creatorimage_medium":"http:\/\/l.yimg.com\/a\/i\/identity\/nopic_48.gif","creatorimage_small":"http:\/\/l.yimg.com\/a\/i\/identity\/nopic_16.gif"},"PIPE_ID":"fc3ce96d6d0109354d9d2af8479e2311","ACTIONS":{"View Results":"\/pipes\/pipe.info?_id=fc3ce96d6d0109354d9d2af8479e2311","View Source":"\/pipes\/pipe.edit?_id=fc3ce96d6d0109354d9d2af8479e2311","Clone":"\/pipes\/pipe.clone?_crumb=0&_id=fc3ce96d6d0109354d9d2af8479e2311"}}